{
  "id": "3bdlnqpm78un86npauhh5oobq5",
  "text": "Patient History",
  "language": "История болезни",
  "options": [
    {
      "id": "ID_1216797604",
      "text": "Allergies",
      "display": "Do you have any allergies?",
      "language": "аллергий",
      "options": [
        {
          "id": "ID_1182630066",
          "text": "Yes [Describe]",
          "input-type": "text",
          "language": "%",
          "display-ru": "Да [Опишите]"
        },
        {
          "id": "ID_1336561607",
          "text": "No known allergies",
          "language": "Аллергии не имеются",
          "display-ru": "Аллергии не имеются"
        }
      ],
      "display-ru": "У тебя есть какие-нибудь аллергии?"
    },
    {
      "id": "ID_488941477",
      "text": "Alcohol use",
      "language": "Употребление алкоголя",
      "options": [
        {
          "id": "ID_858796823",
          "text": "Yes",
          "language": "да",
          "options": [
            {
              "id": "ID_1464551289",
              "text": "[Enter since when]",
              "input-type": "duration",
              "language": "[Введите с каких пор]",
              "display-ru": "[Введите с каких пор]"
            },
            {
              "id": "ID_541643837",
              "text": "Frequency",
              "input-type": "text",
              "display": "How often do you take alcohol?",
              "language": "Как часто вы употребляете алкоголь?",
              "display-ru": "Как часто вы употребляете алкоголь?"
            },
            {
              "id": "ID_449910899",
              "text": "Number of drinks consumed in one go",
              "language": "Количество напитков, выпитых за один раз",
              "options": [
                {
                  "id": "ID_353665659",
                  "text": "1-2",
                  "display-ru": "1-2"
                },
                {
                  "id": "ID_1083178746",
                  "text": "3-4",
                  "display-ru": "3-4"
                },
                {
                  "id": "ID_339759237",
                  "text": "5-6",
                  "display-ru": "5-6"
                },
                {
                  "id": "ID_1073159208",
                  "text": ">=7",
                  "display-ru": ">=7"
                }
              ],
              "display-ru": "Количество напитков, выпитых за один раз"
            }
          ],
          "display-ru": "да"
        },
        {
          "id": "ID_1066408122",
          "text": "No/Denied",
          "language": "Нет / отказано",
          "display-ru": "Нет / отказано"
        }
      ],
      "display-ru": "Употребление алкоголя"
    },
    {
      "id": "ID_1479282969",
      "text": "Smoking history",
      "language": "История курения",
      "options": [
        {
          "id": "ID_318732760",
          "text": "Never-smoker",
          "language": "Пациент отказался от курения / не курит",
          "display-ru": "Никогда не курил"
        },
        {
          "id": "ID_1599020946",
          "text": "Current-smoker",
          "language": "Пациент курит",
          "options": [
            {
              "id": "ID_815751980",
              "text": "[Enter since when]",
              "input-type": "duration",
              "language": "С",
              "display-ru": "[Введите с каких пор]"
            },
            {
              "id": "ID_1655069807",
              "text": "How many cigarettes per day do you smoke?",
              "input-type": "number",
              "language": "Количество выкуриваемых сигарет в день:",
              "display-ru": "Сколько сигарет в день вы выкуриваете?"
            }
          ],
          "display-ru": "До сих пор курю"
        },
        {
          "id": "ID_803362413",
          "text": "Ex-smoker",
          "language": "Пациент был курильщиком",
          "options": [
            {
              "id": "ID_22359699",
              "text": "How many cigarettes per day did you smoke?",
              "input-type": "number",
              "language": "Количество выкуриваемых сигарет в день:",
              "display-ru": "Сколько сигарет в день вы выкуриваете?"
            },
            {
              "id": "ID_370617072",
              "text": "Started Smoking From [year]",
              "input-type": "date",
              "language": "Начал Курить с [год]",
              "display-ru": "Начал Курить с [год]"
            },
            {
              "id": "ID_1148758817",
              "text": "Stopped smoking on [year]",
              "input-type": "date",
              "language": "Бросил курить [год]",
              "display-ru": "Бросил курить [год]"
            }
          ],
          "display-ru": "Пациент был курильщиком"
        }
      ],
      "display-ru": "История курения"
    },
    {
      "id": "ID_1294148047",
      "text": "Drug history",
      "display": "Have you recently taken any kind of medicine (including ayurvedic/homeopathic/unani/herbal)?",
      "language": "История принятия лекарств",
      "options": [
        {
          "id": "ID_1388678356",
          "text": "No recent medication",
          "language": "Нет недавних лекарств",
          "display-ru": "Нет"
        },
        {
          "id": "ID_465969786",
          "text": "Yes",
          "language": "%",
          "options": [
            {
              "id": "ID_1905877530",
              "text": "Medication name 1",
              "input-type": "text",
              "language": "%",
              "options": [
                {
                  "id": "ID_1689701069",
                  "text": "From",
                  "input-type": "date",
                  "language": "С",
                  "display-ru": "С"
                },
                {
                  "id": "ID_1008011661",
                  "text": "To",
                  "input-type": "date",
                  "language": "по",
                  "display-ru": "по"
                }
              ],
              "display-ru": "Введите название лекарства №1"
            },
            {
              "id": "ID_519893607",
              "text": "Medication name 2",
              "input-type": "text",
              "language": "%",
              "options": [
                {
                  "id": "ID_1991974364",
                  "text": "From",
                  "input-type": "date",
                  "language": "С",
                  "display-ru": "С"
                },
                {
                  "id": "ID_596700404",
                  "text": "To",
                  "input-type": "date",
                  "language": "по",
                  "display-ru": "по"
                }
              ],
              "display-ru": "Введите название лекарства №2"
            },
            {
              "id": "ID_1502080913",
              "text": "Medication name 3",
              "input-type": "text",
              "language": "%",
              "options": [
                {
                  "id": "ID_143223687",
                  "text": "From",
                  "input-type": "date",
                  "language": "С",
                  "display-ru": "С"
                },
                {
                  "id": "ID_509507628",
                  "text": "To",
                  "input-type": "date",
                  "language": "по",
                  "display-ru": "по"
                }
              ],
              "display-ru": "Введите название лекарства №3"
            },
            {
              "id": "",
              "text": "Medication name 4",
              "input-type": "text",
              "language": "%",
              "options": [
                {
                  "id": "",
                  "text": "From",
                  "input-type": "date",
                  "language": "С",
                  "display-ru": "С"
                },
                {
                  "id": "",
                  "text": "To",
                  "input-type": "date",
                  "language": "по",
                  "display-ru": "по"
                }
              ],
              "display-ru": "Введите название лекарства №4"
            },
            {
              "id": "ID_255486354",
              "text": "Medication name 5",
              "input-type": "text",
              "language": "%",
              "options": [
                {
                  "id": "ID_1847127937",
                  "text": "From",
                  "input-type": "date",
                  "language": "С",
                  "display-ru": "С"
                },
                {
                  "id": "ID_89894132",
                  "text": "To",
                  "input-type": "date",
                  "language": "по",
                  "display-ru": "по"
                }
              ],
              "display-ru": "Введите название лекарства №5"
            },
            {
              "id": "ID_1705452987",
              "text": "Medication Adherence",
              "display": "How often do you have trouble taking medicines the way you have been told to take them?",
              "language": "Приверженность к лечению",
              "options": [
                {
                  "id": "ID_621583351",
                  "text": "I always take them as prescribed",
                  "language": "Пациент всегда принимает лекарство, как предписано",
                  "display-ru": "Я всегда принимаю их по назначению"
                },
                {
                  "id": "ID_1330901869",
                  "text": "Sometimes I take them as prescribed",
                  "language": "Пациент иногда принимает лекарства, как предписано",
                  "display-ru": "Иногда принимаю их по назначению"
                },
                {
                  "id": "ID_1896221092",
                  "text": "I seldom take them as prescribed",
                  "language": "Пациент редко принимает лекарства, как предписано",
                  "display-ru": "Я редко принимаю их по назначению"
                }
              ],
              "display-ru": "Как часто у вас возникают проблемы с приемом лекарств в соответствии с указаниями?"
            }
          ],
          "display-ru": "да"
        }
      ],
      "display-ru": "Принимали ли вы в последнее время какие-либо лекарства (включая аюрведические / гомеопатические / унани / травяные)?"
    },
    {
      "id": "ID_1691870327",
      "text": "Do you have any of the following conditions?",
      "language": "%",
      "options": [
        {
          "id": "553uunvdc4uq9oe860n2mtbd62",
          "text": "High Blood Pressure",
          "language": "Высокое кровяное давление",
          "options": [
            {
              "id": "4gnb2kln9nvarkf1hn54iih13b",
              "text": "Diagnosed on ",
              "input-type": "date",
              "language": "Поставлен диагноз",
              "display-ru": "Поставлен диагноз"
            },
            {
              "id": "ID_413173969",
              "text": "Current medication",
              "language": "Текущее лечение",
              "options": [
                {
                  "id": "ID_188140409",
                  "text": "[Describe]",
                  "input-type": "text",
                  "language": "%",
                  "display-ru": "[Описывать]"
                },
                {
                  "id": "ID_559800345",
                  "text": "Not taking any medication",
                  "language": "Не принимаю никаких лекарств",
                  "display-ru": "Не принимаю никаких лекарств"
                }
              ],
              "display-ru": "Текущее лечение"
            }
          ],
          "display-ru": "Высокое кровяное давление"
        },
        {
          "id": "2t624p0ss7caug21hd4efumj4n",
          "text": "Heart Problems",
          "language": "Проблемы с сердцем",
          "options": [
            {
              "id": "ID_1743003464",
              "text": "Problem description",
              "input-type": "text",
              "language": "%",
              "display": "What was the problem?",
              "display-ru": "В чем была проблема?"
            },
            {
              "id": "0fq5omh0fjmcot6v89tmmujs45",
              "text": "Occured/Diagnosed on",
              "input-type": "date",
              "language": "Произошел / диагностирован",
              "display-ru": "Произошел / диагностирован"
            },
            {
              "id": "5f1pjn5mukmjrsvfnkp24nlq0q",
              "text": "Treatment",
              "display": "How was it treated?",
              "language": "лечение",
              "options": [
                {
                  "id": "1rsrtassckdufd1v66g679huai",
                  "text": "Surgery",
                  "language": "Операция",
                  "display-ru": "Операция"
                },
                {
                  "id": "3ih5vrd5crs57nrsfnsl9arcot",
                  "text": "Angioplasty",
                  "language": "Операция",
                  "display-ru": "Ангиопластика"
                },
                {
                  "id": "6g0frvbl14quckj6e0i2hcc7e1",
                  "text": "Medication",
                  "language": "Медикамент",
                  "display-ru": "Медикамент"
                },
                {
                  "id": "ID_938378473",
                  "text": "Other [Describe]",
                  "input-type": "text",
                  "language": "%",
                  "display-ru": "Другое [Опишите]"
                }
              ],
              "display-ru": "Как лечили?"
            },
            {
              "id": "ID_615919605",
              "text": "Current medication",
              "language": "Текущее лечение",
              "options": [
                {
                  "id": "ID_1320661699",
                  "text": "[Describe]",
                  "input-type": "text",
                  "language": "%",
                  "display-ru": "[Описывать]"
                },
                {
                  "id": "ID_531462972",
                  "text": "Not taking any medication",
                  "language": "Не принимаю никаких лекарств",
                  "display-ru": "Не принимаю никаких лекарств"
                }
              ],
              "display-ru": "Текущее лечение"
            }
          ],
          "display-ru": "Проблемы с сердцем"
        },
        {
          "id": "52dkambh5lhqmlg9bkghn1gicb",
          "text": "Stroke",
          "language": "Инсульт",
          "options": [
            {
              "id": "ID_545498382",
              "text": "Occured on",
              "input-type": "date",
              "language": "Произошло",
              "display-ru": "Произошло"
            },
            {
              "id": "ID_1222999660",
              "text": "Treatment",
              "display": "How was it treated?",
              "language": "лечение",
              "options": [
                {
                  "id": "ID_1622266745",
                  "text": "Surgery",
                  "language": "Операция",
                  "display-ru": "Операция"
                },
                {
                  "id": "ID_1348167551",
                  "text": "Medication",
                  "language": "Медикамент",
                  "display-ru": "Медикамент"
                },
                {
                  "id": "ID_1424803469",
                  "text": "Other [Describe]",
                  "input-type": "text",
                  "language": "%",
                  "display-ru": "Другое [Опишите]"
                }
              ],
              "display-ru": "Как лечили?"
            },
            {
              "id": "ID_1162336019",
              "text": "Current medication",
              "language": "Текущее лечение",
              "options": [
                {
                  "id": "ID_1104534286",
                  "text": "[Describe]",
                  "input-type": "text",
                  "language": "%",
                  "display-ru": "[Описывать]"
                },
                {
                  "id": "ID_187354967",
                  "text": "Not taking any medication",
                  "language": "Другое [Опишите]",
                  "display-ru": "Не принимаю никаких лекарств"
                }
              ],
              "display-ru": "Текущее лечение"
            }
          ],
          "display-ru": "Инсульт"
        },
        {
          "id": "62id4878o7nteih18eiup3j92c",
          "text": "Diabetes",
          "language": "Сахарный диабет",
          "options": [
            {
              "id": "52bvud72kt13igfoauucsubnuv",
              "text": "Since",
              "display": "When were you diagnosed?",
              "input-type": "date",
              "language": "C",
              "display-ru": "Когда вам поставили диагноз?"
            },
            {
              "id": "ID_862641808",
              "text": "Current medication",
              "language": "Текущее лечение",
              "options": [
                {
                  "id": "ID_1983919372",
                  "text": "[Describe]",
                  "input-type": "text",
                  "language": "%",
                  "display-ru": "[Описывать]"
                },
                {
                  "id": "ID_1307135427",
                  "text": "Not taking any medication",
                  "language": "Другое [Опишите]",
                  "display-ru": "Не принимаю никаких лекарств"
                }
              ],
              "display-ru": "Текущее лечение"
            },
            {
              "id": "25b4es720c3ehote8hv9824tck",
              "text": "Last measured Blood Sugar and HbA1C",
              "language": "Последний измеренный уровень сахара в крови и гемоглобина (HbA1C)",
              "options": [
                {
                  "id": "ID_1804659027",
                  "text": "Not known",
                  "language": "Неизвестен",
                  "display-ru": "Неизвестен"
                },
                {
                  "id": "ID_701392638",
                  "text": "[Enter if known]",
                  "input-type": "text",
                  "language": "%",
                  "display-ru": "[Введите, если известно]"
                }
              ],
              "display-ru": "Последний измеренный уровень сахара в крови и гемоглобина (HbA1C)"
            }
          ],
          "display-ru": "Сахарный диабет"
        },
        {
          "id": "6f3rb25rb5q5jvgffdv2jvr8rv",
          "text": "Asthma",
          "language": "Астма",
          "options": [
            {
              "id": "ID_773460966",
              "text": "Current medication",
              "language": "Текущее лечение",
              "options": [
                {
                  "id": "ID_503799061",
                  "text": "[Describe]",
                  "input-type": "text",
                  "language": "%",
                  "display-ru": "[Описывать]"
                },
                {
                  "id": "ID_1412649297",
                  "text": "Not taking any medication",
                  "language": "Другое [Опишите]",
                  "display-ru": "Не принимаю никаких лекарств"
                }
              ],
              "display-ru": "Текущее лечение"
            },
            {
              "id": "ID_862004911",
              "text": "Since",
              "language": "C",
              "input-type": "date",
              "display-ru": "С"
            }
          ],
          "display-ru": "Астма"
        },
        {
          "id": "38l21icefr40paikr5t8n4s46r",
          "text": "Tuberculosis",
          "language": "Туберкулез",
          "options": [
            {
              "id": "ID_856359070",
              "text": "Since",
              "display": "When were you diagnosed?",
              "input-type": "date",
              "language": "С",
              "display-ru": "Когда вам поставили диагноз?"
            },
            {
              "id": "6q6oio9kdl9qm1ng0pnaa4t32g",
              "text": "Treatment",
              "language": "С",
              "display": "Did you take treatment?",
              "options": [
                {
                  "id": "ID_473168257",
                  "text": "Took treatment",
                  "language": "%",
                  "options": [
                    {
                      "id": "1grbt54tt3su55qqfdbnmhr1vu",
                      "text": "[Describe]",
                      "input-type": "text",
                      "language": "%",
                      "display-ru": "[Описывать]"
                    },
                    {
                      "id": "ID_1011048331",
                      "text": "How long did you take the treatment?",
                      "input-type": "duration",
                      "language": "Продолжительность лечения",
                      "display-ru": "Как долго вы лечились?"
                    }
                  ],
                  "display-ru": "Лечился"
                },
                {
                  "id": "ID_1673676697",
                  "text": "Did not take treatment",
                  "language": "Не лечился",
                  "display-ru": "Не лечился"
                }
              ],
              "display-ru": "Вы лечились?"
            }
          ],
          "display-ru": "Туберкулез"
        },
        {
          "id": "50rcn4m78a1baik3sm5b4solsf",
          "text": "Cancer/Tumour",
          "language": "Рак / опухоль",
          "options": [
            {
              "id": "ID_1789247298",
              "text": "Cancer/Tumour type",
              "display": "Describe the disease",
              "input-type": "text",
              "language": "Тип рака / опухоли",
              "display-ru": "Опишите болезнь"
            },
            {
              "id": "ID_131276372",
              "text": "Since",
              "display": "When were you diagnosed?",
              "input-type": "date",
              "language": "C",
              "display-ru": "Когда вам поставили диагноз?"
            },
            {
              "id": "ID_1460526165",
              "text": "Current medication",
              "language": "Текущее лечение",
              "options": [
                {
                  "id": "ID_1815440872",
                  "text": "[Describe]",
                  "input-type": "text",
                  "language": "%",
                  "display-ru": "[Описывать]"
                },
                {
                  "id": "ID_1363444390",
                  "text": "Not taking any medication",
                  "language": "Не принимаю никаких лекарств",
                  "display-ru": "Не принимаю никаких лекарств"
                }
              ],
              "display-ru": "Текущее лечение"
            }
          ],
          "display-ru": "Рак / опухоль"
        },
        {
          "id": "ID_795133263",
          "text": "HIV/AIDS",
          "language": "ВИЧ / СПИД",
          "options": [
            {
              "id": "ID_1667859677",
              "text": "Since",
              "display": "When were you diagnosed?",
              "input-type": "date",
              "language": "C",
              "display-ru": "Когда вам поставили диагноз?"
            },
            {
              "id": "ID_776032080",
              "text": "Current medication",
              "language": "Текущее лечение",
              "options": [
                {
                  "id": "ID_1603380010",
                  "text": "[Describe]",
                  "input-type": "text",
                  "language": "%",
                  "display-ru": "[Описывать]"
                },
                {
                  "id": "ID_327097071",
                  "text": "Not taking any medication",
                  "language": "Не принимаю никаких лекарств",
                  "display-ru": "Не принимаю никаких лекарств"
                }
              ],
              "display-ru": "Текущее лечение"
            }
          ],
          "display-ru": "ВИЧ / СПИД"
        },
        {
          "id": "5b04qcal4vufiuiughhpt03qi2",
          "text": "Operation",
          "language": "Операция",
          "options": [
            {
              "id": "6n6qdfi3hnt49qrrscul658kfl",
              "text": "Location/Type",
              "display": "What was the operation?",
              "language": "Расположение / Тип",
              "options": [
                {
                  "id": "0gfqoo018929uap939vu824kub",
                  "text": "Head (Eyes/Ears/Nose/Mouth)",
                  "language": "Голова (глаза / уши / нос / рот)",
                  "display-ru": "Голова (глаза / уши / нос / рот)"
                },
                {
                  "id": "03nejfqipjq4c23mnt1qbldubo",
                  "text": "Neck",
                  "language": "Шея",
                  "display-ru": "Шея"
                },
                {
                  "id": "1nfbsi9tkga3kdbv76g5g30lsa",
                  "text": "Chest (Heart/Lung/Breast)",
                  "language": "Грудь (Сердце / Легкое / Грудь)",
                  "display-ru": "Грудь (Сердце / Легкое / Грудь)"
                },
                {
                  "id": "6kn2b76huhl9u3bu43prloda3t",
                  "text": "Abdomen (Stomach/Liver/Bile/Kidney/Colon)",
                  "language": "Живот (желудок / печень / желчь / почка / толстая кишка)",
                  "display-ru": "Живот (желудок / печень / желчь / почка / толстая кишка)"
                },
                {
                  "id": "3ponp65pt9bq34bdeq8gfgs25m",
                  "text": "Back/Spine",
                  "language": "Спина / позвоночник",
                  "display-ru": "Спина / позвоночник"
                },
                {
                  "id": "2crafqisr99g2t85728nmpda9s",
                  "text": "Hip",
                  "language": "Бедро",
                  "display-ru": "Бедро"
                },
                {
                  "id": "2hojliuelejcmv1m1ki2qardfl",
                  "text": "Arms (Elbows/Wrist)",
                  "language": "Руки (локти / запястья)",
                  "display-ru": "Руки (локти / запястья)"
                },
                {
                  "id": "7v5fg9qha5ftfpocc5p3j3llin",
                  "text": "Legs (Knees/Feet)",
                  "language": "Ноги (колени / ступни)",
                  "display-ru": "Ноги (колени / ступни)"
                },
                {
                  "id": "0gaej2j5rll5ts1o3f8nm0iml4",
                  "text": "Prostate",
                  "language": "Простата",
                  "display-ru": "Простата"
                },
                {
                  "id": "4obc47pd9rkcp60ae9hh3lljvr",
                  "text": "C-Section",
                  "language": "Кесарево сечение",
                  "display-ru": "Кесарево сечение"
                },
                {
                  "id": "2pdjbliq1pbkvh1vjcffrtsku6",
                  "text": "Hysterectomy",
                  "language": "Гистерэктомия",
                  "display-ru": "Гистерэктомия"
                },
                {
                  "id": "ID_843281245",
                  "text": "Other [Describe]",
                  "language": "%",
                  "input-type": "text",
                  "display-ru": "Другое [Опишите]"
                }
              ],
              "display-ru": "Какая была операция?"
            },
            {
              "id": "ID_904676221",
              "text": "Occured on",
              "display": "When did it occur?",
              "language": "Происходило",
              "input-type": "date",
              "display-ru": "Когда это произошло?"
            }
          ],
          "display-ru": "Операция"
        },
        {
          "id": "533u2k4n4971j34dcvljkv53up",
          "text": "Accident",
          "language": "Несчастный случай",
          "options": [
            {
              "id": "ID_948346954",
              "text": "Occured on",
              "display": "When did it occur?",
              "input-type": "date",
              "language": "Происходило",
              "display-ru": "Когда это произошло?"
            }
          ],
          "display-ru": "Несчастный случай"
        },
        {
          "id": "ID_1217722719",
          "text": "Hospitalization",
          "options": [
            {
              "id": "ID_601054142",
              "text": "Occured on",
              "display": "When did it occur?",
              "input-type": "date",
              "language": "Происходило",
              "display-ru": "Когда это произошло?"
            },
            {
              "id": "ID_1902903650",
              "text": "Reason",
              "input-type": "text",
              "language": "Причина",
              "display-ru": "Причина"
            },
            {
              "id": "ID_1440129311",
              "text": "Duration",
              "display": "How long were you hospitalized?",
              "input-type": "duration",
              "language": "Продолжительность",
              "display-ru": "Как долго вы были в больнице?"
            }
          ],
          "display-ru": "Госпитализация"
        },
        {
          "id": "ID_1680637083",
          "text": "Other [Describe]",
          "language": "%",
          "input-type": "text",
          "display-ru": "Другое [Опишите]"
        }
      ],
      "display-ru": "У вас имеются нижеследующие заболевания?"
    }
  ],
  "display-ru": "История болезни"
}