{
  "id": "ID_353501617",
  "text": "Screening for cerebral palsy",
  "language": "Скрининг детского церебрального паралича",
  "perform-physical-exam": "Child:Balance;Child:Coordination;Child:Variation in muscle tone;Child:Movements;Child:Delayed developmental mile stones;Child:Delayed speech development;Child:Difficulties in learning;Child:Difficulty in vision;Child:Difficulty in Hearing;Child:Loss of Sense of Touch",
  "options": [
    {
      "id": "ID_1803430127",
      "text": "Age at pregnancy",
      "display": "What was the age of the mother at pregnancy of this child?",
      "options": [
        {
          "id": "ID_596749064",
          "text": "[Enter age in years]",
          "input-type": "duration",
          "display-ru": "[Введите возраст в годах]"
        }
      ],
      "display-ru": "Какого возраста была мать на момент беременности этого ребенка?"
    },
    {
      "id": "ID_912495867",
      "text": "Consanguineous marriage",
      "language": "%",
      "display": "Is your marriage within blood relation?",
      "options": [
        {
          "id": "ID_732766032",
          "text": "The marriage is consanguineous marriage",
          "language": "Брак - кровнородственный брак",
          "display-ru": "Брак - кровнородственный брак"
        },
        {
          "id": "ID_1034984641",
          "text": "The marriage is not consanguineous marriage",
          "language": "Брак не является кровным браком",
          "display-ru": "Брак не является кровным браком"
        }
      ],
      "display-ru": "Ваш брак в кровном родстве?"
    },
    {
      "id": "ID_45037167",
      "text": "Maternal infections during pregnancy",
      "display": "Did you have any of the following infections during your pregnancy?",
      "language": "Материнские инфекции во время беременности",
      "options": [
        {
          "id": "ID_1213432428",
          "text": "CMV",
          "language": "Цитомегаловирус (CMV)",
          "display-ru": "Цитомегаловирус (CMV)"
        },
        {
          "id": "ID_909040793",
          "text": "Rubella",
          "language": "Краснуха",
          "display-ru": "Краснуха"
        },
        {
          "id": "ID_996747680",
          "text": "Herpes",
          "language": "Герпес",
          "display-ru": "Герпес"
        },
        {
          "id": "ID_833601574",
          "text": "Syphilis",
          "language": "Сифилис",
          "display-ru": "Сифилис"
        },
        {
          "id": "ID_1719807782",
          "text": "Toxoplasmosis",
          "language": "Токсоплазмоз",
          "display-ru": "Токсоплазмоз"
        },
        {
          "id": "ID_599662302",
          "text": "Other[Describe]",
          "language": "Другое [Опишите]",
          "input-type": "text",
          "display-ru": "Другое [Опишите]"
        },
        {
          "id": "ID_1243972941",
          "text": "None of the above/ Don't know",
          "language": "Ничего из вышеперечисленного/Не знаю",
          "display-ru": "Ничего из вышеперечисленного / Не знаю"
        }
      ],
      "display-ru": "Были ли у вас какие-либо из следующих инфекций во время беременности?"
    },
    {
      "id": "ID_879072691",
      "text": "Maternal health and other conditions",
      "display": "Did you have any of the following conditions during your pregnancy?",
      "language": "Возраст матери при беременности",
      "options": [
        {
          "id": "ID_1092575777",
          "text": "Thyroid problems",
          "language": "Проблемы с щитовидной железой",
          "display-ru": "Проблемы с щитовидной железой"
        },
        {
          "id": "ID_1894835500",
          "text": "Diabetes mallitus",
          "language": "Сахарный диабет",
          "display-ru": "Сахарный диабет"
        },
        {
          "id": "ID_1886418866",
          "text": "Toxemia of pregnancy",
          "language": "Токсемия беременности",
          "options": [
            {
              "id": "ID_621111593",
              "text": "Pre eclampsia only",
              "language": "Только преэклампсия",
              "display-ru": "Только преэклампсия"
            },
            {
              "id": "ID_311042030",
              "text": "Eclampsia",
              "language": "Эклампсия",
              "display-ru": "Эклампсия"
            }
          ],
          "display-ru": "Токсемия беременности"
        },
        {
          "id": "ID_1192810040",
          "text": "Epilepsy",
          "language": "Эпилепсия",
          "display-ru": "Эпилепсия"
        },
        {
          "id": "ID_453127160",
          "text": "Exposure to toxins like methyl mercury",
          "language": "Воздействие токсинов, таких как метилртуть",
          "display-ru": "Воздействие токсинов, таких как метилртуть"
        },
        {
          "id": "",
          "text": "Other[Describe]",
          "input-type": "text",
          "language": "Другое [Опишите]",
          "display-ru": "Другое [Опишите]"
        }
      ],
      "display-ru": "Были ли у вас какие-либо из следующих состояний во время беременности?"
    },
    {
      "id": "ID_578467303",
      "text": "Child birth issues",
      "display": "Did you have any of the following child birth issues?",
      "language": "Проблемы с рождением ребенка",
      "options": [
        {
          "id": "ID_120577217",
          "text": "Breech presentation",
          "language": "Предлежание тазовое",
          "display-ru": "Предлежание тазовое",
          "options": [
            {
              "id": "",
              "text": "Birth with leg first",
              "language": "ножное",
              "display-ru": "ножное"
            },
            {
              "id": "",
              "text": "Birth with buttocks first",
              "language": "ягодичное",
              "display-ru": "ягодичное"
            }
          ]
        },
        {
          "id": "ID_1365945480",
          "text": "LBW",
          "language": "Низкий вес при рождении:",
          "options": [
            {
              "id": "ID_1871020006",
              "text": "Weight at birth in kgs",
              "input-type": "text",
              "language": "Вес при рождении в килограммах",
              "display-ru": "Вес при рождении в килограммах"
            }
          ],
          "display-ru": "Низкий вес при рождении:"
        },
        {
          "id": "ID_1834381970",
          "text": "Prematurity",
          "language": "Недоношенность",
          "options": [
            {
              "id": "ID_455776923",
              "text": "[Enter gestational age at birth]",
              "input-type": "duration",
              "language": "Гестационный возраст при рождении",
              "display-ru": "[Введите срок беременности при рождении]"
            }
          ],
          "display-ru": "Недоношенность"
        },
        {
          "id": "ID_1016409582",
          "text": "Multiple pregnancy",
          "language": "Многоплодная беременность",
          "options": [
            {
              "id": "ID_1413086471",
              "text": "[Enter number of foetuses]",
              "language": "%",
              "input-type": "number",
              "display-ru": "[Введите число плодов]"
            }
          ],
          "display-ru": "Многоплодная беременность"
        },
        {
          "id": "ID_1936072237",
          "text": "Birth asphyxia",
          "language": "Асфиксия при рождении",
          "options": [
            {
              "id": "ID_1533113401",
              "text": "APGAR score at birth and describe",
              "input-type": "text",
              "language": "%",
              "display-ru": "Оценка по шкале APGAR (Внешний вид, пульс, гримаса, активность и дыхание) при рождении и описание"
            }
          ],
          "display-ru": "Асфиксия при рождении"
        },
        {
          "id": "ID_1889742339",
          "text": "Place of delivery",
          "display": "At which place did you deliver child?",
          "options": [
            {
              "id": "ID_353626473",
              "text": "Home",
              "language": "Дом",
              "display-ru": "Дом"
            },
            {
              "id": "ID_1780031511",
              "text": "Institute",
              "language": "Роддом",
              "display-ru": "Роддом"
            },
            {
              "id": "ID_212443953",
              "text": "Other",
              "input-type": "text",
              "language": "%",
              "display-ru": "Другой"
            }
          ],
          "display-ru": "В каком месте вы родили ребенка?"
        },
        {
          "id": "ID_464594910",
          "text": "Mode of delivery",
          "language": "Родоразрешение",
          "options": [
            {
              "id": "ID_1590219512",
              "text": "Normal",
              "language": "Обычный",
              "display-ru": "Обычный"
            },
            {
              "id": "ID_1495466853",
              "text": "LSCS",
              "language": "Кесарево сечение нижнего сегмента",
              "display-ru": "Кесарево сечение нижнего сегмента"
            },
            {
              "id": "ID_918312736",
              "text": "Forceps",
              "language": "Щипцы",
              "display-ru": "Щипцы"
            },
            {
              "id": "ID_747265393",
              "text": "Vacuum extraction",
              "language": "Вакуумная экстракция",
              "display-ru": "Вакуумная экстракция"
            }
          ],
          "display-ru": "Родоразрешение"
        },
        {
          "id": "ID_421215429",
          "text": "Other problem at birth",
          "language": "Другая проблема при рождении",
          "options": [
            {
              "id": "ID_1647413819",
              "text": "[Describe]",
              "input-type": "text",
              "language": "%",
              "display-ru": "Опишите"
            }
          ],
          "display-ru": "Другая проблема при рождении"
        }
      ],
      "display-ru": "Были ли у вас какие-либо из следующих проблем при рождении ребенка?"
    },
    {
      "id": "ID_616627283",
      "text": "Problems of feeding",
      "language": "Проблемы кормления",
      "display": "Does the child have problem with consuming food?",
      "options": [
        {
          "id": "ID_1697484520",
          "text": "Inability to suck",
          "language": "Неспособность сосать",
          "display-ru": "Неспособность сосать"
        },
        {
          "id": "ID_380422611",
          "text": "Inability to swallow",
          "language": "Неспособность глотать",
          "display-ru": "Неспособность глотать"
        },
        {
          "id": "ID_1128978155",
          "text": "Drooling from angle of moth",
          "language": "Слюни от моли",
          "display-ru": "Слюни от моли"
        },
        {
          "id": "ID_376671042",
          "text": "No problems reported",
          "language": "О проблемах не сообщалось",
          "display-ru": "никаких проблем не обнаружено"
        }
      ],
      "display-ru": "Есть ли у ребенка проблемы с приемом пищи"
    },
    {
      "id": "ID_305028628",
      "text": "H/O illness during infancy",
      "language": "Место принятия родов",
      "display": "Did the child have any of the illness during infancy?",
      "options": [
        {
          "id": "ID_211681205",
          "text": "Bacterial meningitis",
          "language": "Бактериальный менингит",
          "display-ru": "Бактериальный менингит"
        },
        {
          "id": "ID_1000229827",
          "text": "Viral encephalitis",
          "language": "Вирусный энцефалит",
          "display-ru": "Вирусный энцефалит"
        },
        {
          "id": "ID_1642644809",
          "text": "Neonatal jaundice",
          "language": "Желтуха новорожденных",
          "display-ru": "Желтуха новорожденных"
        },
        {
          "id": "ID_225137833",
          "text": "Intracranial hemorrhage",
          "language": "Внутричерепное кровоизлияние",
          "display-ru": "Внутричерепное кровоизлияние"
        },
        {
          "id": "",
          "text": "Other[Describe]",
          "input-type": "text",
          "language": "Другое [Опишите]",
          "display-ru": "Другое [Опишите]"
        }
      ],
      "display-ru": "Болел ли ребенок в младенчестве?"
    },
    {
      "id": "ID_670820417",
      "text": "Associated symptoms",
      "language": "«Сопутствующие симптомы",
      "options": [
        {
          "id": "ID_564794610",
          "text": "Control on urination",
          "language": "Контроль мочеиспускания",
          "display": "Is the child able to control his/her urination?",
          "options": [
            {
              "id": "ID_38671374",
              "text": "Yes",
              "language": "да",
              "options": [
                {
                  "id": "ID_729914556",
                  "text": "В каком возрасте он / она был(-a) в состоянии контролировать?",
                  "display": "At what age was he/she able to control?",
                  "input-type": "text",
                  "display-ru": "В каком возрасте он / она был(-a) в состоянии контролировать?"
                }
              ],
              "display-ru": "да"
            },
            {
              "id": "ID_1835497066",
              "text": "No",
              "language": "не достигнуто",
              "display-ru": "Нет"
            }
          ],
          "display-ru": "Может ли ребенок контролировать свое мочеиспускание?"
        },
        {
          "id": "ID_1009985490",
          "text": "Control on defecation",
          "display": "Is the child able to control his/her defecation?",
          "language": "Контроль дефекации",
          "options": [
            {
              "id": "ID_1177651676",
              "text": "Yes",
              "language": "да",
              "options": [
                {
                  "id": "ID_23774991",
                  "text": "В каком возрасте он / она был(-a) в состоянии контролировать?",
                  "display": "At what age was he/she able to control?",
                  "input-type": "text",
                  "display-ru": "В каком возрасте он / она был в состоянии контролировать?"
                }
              ],
              "display-ru": "да"
            },
            {
              "id": "ID_1693523579",
              "text": "No",
              "language": "не достигнуто",
              "display-ru": "Нет"
            }
          ],
          "display-ru": "Может ли ребенок контролировать свою дефекацию?"
        },
        {
          "id": "ID_946138987",
          "text": "Convulsions",
          "language": "Судороги",
          "options": [
            {
              "id": "ID_624397025",
              "text": "Yes",
              "language": "да",
              "display-ru": "да"
            },
            {
              "id": "ID_92856341",
              "text": "No",
              "language": "Нет",
              "display-ru": "Нет"
            }
          ],
          "display-ru": "Судороги"
        },
        {
          "id": "ID_46568590",
          "text": "Difficulty in vision",
          "language": "нарушение зрения",
          "options": [
            {
              "id": "ID_256338256",
              "text": "Difficulty in vision?",
              "language": "%",
              "options": [
                {
                  "id": "ID_1905520461",
                  "text": "Yes",
                  "language": "найден(-но)",
                  "options": [
                    {
                      "id": "ID_1772208440",
                      "text": "Describe",
                      "input-type": "text",
                      "language": "%",
                      "display-ru": "Опишите"
                    }
                  ],
                  "display-ru": "да"
                },
                {
                  "id": "ID_1543635846",
                  "text": "No",
                  "language": "не найден",
                  "display-ru": "Нет"
                }
              ],
              "display-ru": "Нарушение зрения?"
            }
          ],
          "display-ru": "Нарушение зрения"
        },
        {
          "id": "ID_983677564",
          "text": "Difficulty in Hearing",
          "language": "Нарушение слуха",
          "options": [
            {
              "id": "ID_421849387",
              "text": "Difficulty in Hearing?",
              "language": "%",
              "options": [
                {
                  "id": "ID_530900452",
                  "text": "Yes",
                  "language": "найден(-но)",
                  "options": [
                    {
                      "id": "ID_416529955",
                      "text": "Describe",
                      "input-type": "text",
                      "language": "%",
                      "display-ru": "Опишите"
                    }
                  ],
                  "display-ru": "да"
                },
                {
                  "id": "ID_958011456",
                  "text": "No",
                  "language": "не найден",
                  "display-ru": "Нет"
                }
              ],
              "display-ru": "Нарушение слуха?"
            }
          ],
          "display-ru": "Нарушение слуха"
        }
      ],
      "display-ru": "«Сопутствующие симптомы"
    }
  ],
  "display-ru": "Скрининг детского церебрального паралича"
}