{
    "id": "ID_211456448",
    "text": "Family History",
    "language": "Семейный Анамнез",
    "options": [
        {
            "id": "ID_315018017",
            "text": "Do you have any of the following conditions in your family history",
            "language": "%",
            "options": [
                {
                    "id": "ID_1078855957",
                    "text": "High BP",
                    "language": "Высокое АД",
                    "options": [
                        {
                            "id": "ID_1854447992",
                            "text": "Mother",
                            "language": "Мать",
                            "display-ru": "Мать"
                        },
                        {
                            "id": "ID_1609028547",
                            "text": "Father",
                            "language": "Отец",
                            "display-ru": "Отец"
                        },
                        {
                            "id": "ID_839417744",
                            "text": "Sister",
                            "language": "Сестра",
                            "display-ru": "Сестра"
                        },
                        {
                            "id": "ID_1586264392",
                            "text": "Brother",
                            "language": "Брат",
                            "display-ru": "Брат"
                        },
                        {
                            "id": "ID_1668112188",
                            "text": "[Describe relation]",
                            "input-type": "text",
                            "language": "%",
                            "display-ru": "Опишите связь"
                        }
                    ],
                    "display-ru": "Высокое АД"
                },
                {
                    "id": "ID_1138006551",
                    "text": "Heart Disease",
                    "language": "Сердечное заболевание",
                    "options": [
                        {
                            "id": "ID_80346145",
                            "text": "Mother",
                            "language": "Мать",
                            "display-ru": "Мать"
                        },
                        {
                            "id": "ID_1068231420",
                            "text": "Father",
                            "language": "Отец",
                            "display-ru": "Отец"
                        },
                        {
                            "id": "ID_326609031",
                            "text": "Sister",
                            "language": "Сестра",
                            "display-ru": "Сестра"
                        },
                        {
                            "id": "ID_1880777027",
                            "text": "Brother",
                            "language": "Брат",
                            "display-ru": "Брат"
                        },
                        {
                            "id": "ID_1862237871",
                            "text": "[Describe relation]",
                            "input-type": "text",
                            "language": "%",
                            "display-ru": "Опишите связь"
                        }
                    ],
                    "display-ru": "Сердечное заболевание"
                },
                {
                    "id": "ID_923819641",
                    "text": "Stroke",
                    "language": "Инсульт",
                    "options": [
                        {
                            "id": "ID_208321541",
                            "text": "Mother",
                            "language": "Мать",
                            "display-ru": "Мать"
                        },
                        {
                            "id": "ID_68731532",
                            "text": "Father",
                            "language": "Отец",
                            "display-ru": "Отец"
                        },
                        {
                            "id": "ID_110325719",
                            "text": "Sister",
                            "language": "Сестра",
                            "display-ru": "Сестра"
                        },
                        {
                            "id": "ID_93998957",
                            "text": "Brother",
                            "language": "Брат",
                            "display-ru": "Брат"
                        },
                        {
                            "id": "ID_1562614094",
                            "text": "[Describe relation]",
                            "input-type": "text",
                            "language": "%",
                            "display-ru": "Опишите связь"
                        }
                    ],
                    "display-ru": "Инсульт"
                },
                {
                    "id": "ID_519272944",
                    "text": "Diabetes",
                    "language": "Диабет",
                    "options": [
                        {
                            "id": "ID_1666106316",
                            "text": "Mother",
                            "language": "Мать",
                            "display-ru": "Мать"
                        },
                        {
                            "id": "ID_281549293",
                            "text": "Father",
                            "language": "Отец",
                            "display-ru": "Отец"
                        },
                        {
                            "id": "ID_1875730817",
                            "text": "Sister",
                            "language": "Сестра",
                            "display-ru": "Сестра"
                        },
                        {
                            "id": "ID_1510827088",
                            "text": "Brother",
                            "language": "Брат",
                            "display-ru": "Брат"
                        },
                        {
                            "id": "ID_833789483",
                            "text": "[Describe relation]",
                            "input-type": "text",
                            "language": "%",
                            "display-ru": "Опишите связь"
                        }
                    ],
                    "display-ru": "Диабет"
                },
                {
                    "id": "ID_1502189405",
                    "text": "Asthma",
                    "language": "Астма",
                    "options": [
                        {
                            "id": "ID_1084596574",
                            "text": "Mother",
                            "language": "Мать",
                            "display-ru": "Мать"
                        },
                        {
                            "id": "ID_1290308854",
                            "text": "Father",
                            "language": "Отец",
                            "display-ru": "Отец"
                        },
                        {
                            "id": "ID_504059479",
                            "text": "Sister",
                            "language": "Сестра",
                            "display-ru": "Сестра"
                        },
                        {
                            "id": "ID_114277518",
                            "text": "Brother",
                            "language": "Брат",
                            "display-ru": "Брат"
                        },
                        {
                            "id": "ID_1394664273",
                            "text": "[Describe relation]",
                            "input-type": "text",
                            "language": "%",
                            "display-ru": "Опишите связь"
                        }
                    ],
                    "display-ru": "Астма"
                },
                {
                    "id": "ID_1031615963",
                    "text": "Tuberculosis",
                    "language": "Туберкулез",
                    "options": [
                        {
                            "id": "ID_732069462",
                            "text": "Mother",
                            "language": "Мать",
                            "display-ru": "Мать"
                        },
                        {
                            "id": "ID_540745400",
                            "text": "Father",
                            "language": "Отец",
                            "display-ru": "Отец"
                        },
                        {
                            "id": "ID_737056290",
                            "text": "Sister",
                            "language": "Сестра",
                            "display-ru": "Сестра"
                        },
                        {
                            "id": "ID_67348797",
                            "text": "Brother",
                            "language": "Брат",
                            "display-ru": "Брат"
                        },
                        {
                            "id": "ID_1070271245",
                            "text": "[Describe relation]",
                            "input-type": "text",
                            "language": "%",
                            "display-ru": "Опишите связь"
                        }
                    ],
                    "display-ru": "Туберкулез"
                },
                {
                    "id": "ID_645572228",
                    "text": "Cancer",
                    "language": "Рак",
                    "options": [
                        {
                            "id": "ID_723899227",
                            "text": "Mother",
                            "language": "Мать",
                            "display-ru": "Мать"
                        },
                        {
                            "id": "ID_55569829",
                            "text": "Father",
                            "language": "Отец",
                            "display-ru": "Отец"
                        },
                        {
                            "id": "ID_935479023",
                            "text": "Sister",
                            "language": "Сестра",
                            "display-ru": "Сестра"
                        },
                        {
                            "id": "ID_1975746997",
                            "text": "Brother",
                            "language": "Брат",
                            "display-ru": "Брат"
                        },
                        {
                            "id": "ID_901977617",
                            "text": "[Describe relation]",
                            "input-type": "text",
                            "language": "%",
                            "display-ru": "Опишите связь"
                        }
                    ],
                    "display-ru": "Рак"
                },
                {
                    "id": "ID_525209857",
                    "text": "Other",
                    "input-type": "text",
                    "language": "Другое",
                    "options": [
                        {
                            "id": "ID_1774088016",
                            "text": "Mother",
                            "language": "Мать",
                            "display-ru": "Мать"
                        },
                        {
                            "id": "ID_783375268",
                            "text": "Father",
                            "language": "Отец",
                            "display-ru": "Отец"
                        },
                        {
                            "id": "ID_1934679120",
                            "text": "Sister",
                            "language": "Сестра",
                            "display-ru": "Сестра"
                        },
                        {
                            "id": "ID_1187876462",
                            "text": "Brother",
                            "language": "Брат",
                            "display-ru": "Брат"
                        },
                        {
                            "id": "ID_270800560",
                            "text": "[Describe relation]",
                            "input-type": "text",
                            "language": "%",
                            "display-ru": "Опишите связь"
                        }
                    ],
                    "display-ru": "Другое"
                }
            ],
            "display-ru": "У вас имеются нижеследующие заболевания в семье?"
        }
    ],
    "display-ru": "Семейный Анамнез"
}