{
  "id": "ID_1089884864",
  "text": "Physical Exam",
  "language": "Mедицинское обследование",
  "options": [
    {
      "id": "7hrmfqn0krat7sjobfh9rjr5i0",
      "text": "General exams",
      "language": "Общие экзамены",
      "options": [
        {
          "id": "0blae61v5pgt9hcv3fni2ad6nd",
          "text": "Eyes: Jaundice",
          "language": "Глаза: желтуха",
          "options": [
            {
              "id": "5saf8na9hgasnsda8khh7jgqdm",
              "text": "Is there jaundice?*",
              "job-aid-type": "image",
              "job-aid-file": "jaundiceexample",
              "language": "%",
              "options": [
                {
                  "id": "3gnt6celojtod43p771dq8ivr0",
                  "text": "No",
                  "language": "желтухи нет",
                  "display-ru": "Нет"
                },
                {
                  "id": "0tniotfjt5upifs5ndt3grbstg",
                  "text": "Yes",
                  "language": "желтуха",
                  "display-ru": "да"
                },
                {
                  "id": "ID_1214278407",
                  "text": "Take a picture",
                  "input-type": "camera",
                  "language": "[фотография сделана]",
                  "display-ru": "Сделать фото"
                }
              ],
              "display-ru": "Есть желтуха? *"
            }
          ],
          "display-ru": "Глаза: желтуха."
        },
        {
          "id": "ID_415887386",
          "text": "Eyes: Pallor",
          "language": "Глаза: бледность",
          "options": [
            {
              "id": "3lntlnfs0va65rqdo136utmfmf",
              "text": "Is there pallor?*",
              "job-aid-type": "video",
              "job-aid-file": "conjunctivaexample",
              "language": "%",
              "options": [
                {
                  "id": "2pt0hg68o89t624k0b2ngp16a2",
                  "text": "Normal",
                  "language": "нормальная бледность",
                  "display-ru": "Нормальный"
                },
                {
                  "id": "7o55cbfvcet2dtkj43ssip5je9",
                  "text": "Pale",
                  "language": "бледная бледность",
                  "display-ru": "Бледный"
                },
                {
                  "id": "ID_1954219899",
                  "text": "Take a picture",
                  "input-type": "camera",
                  "language": "[фотография сделана]",
                  "display-ru": "Сделать фото"
                }
              ],
              "display-ru": "Есть бледность? *"
            }
          ],
          "display-ru": "Глаза: бледность"
        },
        {
          "id": "0gfk4826emivm01aoeltg2lrfb",
          "text": "Arm",
          "language": "Рука",
          "options": [
            {
              "id": "6qtsmnaurf40drgsbpf55dbbef",
              "text": "Pinch skin*",
              "options": [
                {
                  "id": "2ba1sf5pis2bk3lbe6hqjvm13c",
                  "text": "Normal",
                  "language": "щипковый тест нормальный",
                  "display-ru": "Нормальный"
                },
                {
                  "id": "0u9urrb01daa0g0u9hi5bc2dr5",
                  "text": "",
                  "language": "кажется медленным при щипковом тесте",
                  "display-ru": ""
                },
                {
                  "id": "ID_21382272",
                  "text": "Very slowly",
                  "language": "Очень медленно",
                  "display-ru": "Очень медленно"
                },
                {
                  "id": "ID_312651837",
                  "text": "Dont know",
                  "language": "Не знаю",
                  "display-ru": "Не знаю"
                }
              ],
              "language": "Ущипните кожу",
              "display-ru": "Ущипнуть кожу *"
            }
          ],
          "display-ru": "Рука"
        },
        {
          "id": "4skk1vd3pgmhh4v0qmt1vff91m",
          "text": "Nail abnormality",
          "language": "Аномалии ногтей",
          "options": [
            {
              "id": "5s4jcisk6ipicrd2k55uvef0gg",
              "text": "Is there any nail abnormality?*",
              "job-aid-type": "image",
              "job-aid-file": "abnormalnails",
              "language": "%",
              "options": [
                {
                  "id": "31mlk01davo6blu1as82mim2u3",
                  "text": "Nails are normal",
                  "language": "ногти нормальные",
                  "display-ru": "Ногти в норме"
                },
                {
                  "id": "3fp5hubboifaqe6hn9bsck3rq3",
                  "text": "Clubbing",
                  "language": "клуб",
                  "display-ru": "Клуб"
                },
                {
                  "id": "6iq8nsiocdpje2eslgao0g5c4s",
                  "text": "Spoon Nails",
                  "language": "ложка для ногтей",
                  "display-ru": "Ложка для ногтей"
                },
                {
                  "id": "6luvtcj14erouol995jtnm4rf7",
                  "text": "Discolored",
                  "language": "обесцвеченные ногти",
                  "display-ru": "Обесцвеченный"
                },
                {
                  "id": "ID_428480652",
                  "text": "Take a picture",
                  "input-type": "camera",
                  "language": "[фотография сделана]",
                  "display-ru": "Сделать фото"
                }
              ],
              "display-ru": "Есть ли аномалии ногтей? *"
            }
          ],
          "display-ru": "Аномалии ногтей"
        },
        {
          "id": "ID_888899761",
          "text": "Nail anemia",
          "language": "Анемия ногтей",
          "options": [
            {
              "id": "ID_1109515145",
              "text": "Are the nails pale?*",
              "language": "%",
              "options": [
                {
                  "id": "ID_377766203",
                  "text": "Nails are normal",
                  "language": "ногти нормальные",
                  "display-ru": "Ногти в норме"
                },
                {
                  "id": "ID_1933772393",
                  "language": "Ногти бледные",
                  "text": "Nails are pale",
                  "display-ru": "Ногти бледные"
                },
                {
                  "id": "ID_646885323",
                  "text": "Take a picture",
                  "input-type": "camera",
                  "language": "[фотография сделана]",
                  "display-ru": "Сделать фото"
                }
              ],
              "display-ru": "Ногти бледные? *"
            }
          ],
          "display-ru": "Анемия ногтей"
        },
        {
          "id": "0lhp3ulsufnavi3f7o0bdg66s3",
          "text": "Ankle",
          "language": "Лодыжка",
          "options": [
            {
              "id": "3ufr8egutqs65irlr8u2gi8iid",
              "text": "Is there ankle oedema?*",
              "job-aid-type": "image",
              "job-aid-file": "ankleedemaexample",
              "language": "%",
              "options": [
                {
                  "id": "7s72difltncg15eq8uk51djqv6",
                  "text": "No oedema",
                  "language": "нет отека педали",
                  "display-ru": "Отеков нет"
                },
                {
                  "id": "7266ke3fpvk3kv2bplvf7cqcl2",
                  "text": "In left",
                  "language": "отек педали левой стопы",
                  "display-ru": "Слева"
                },
                {
                  "id": "ID_287551897",
                  "text": "In right",
                  "language": "отек педали правой стопы",
                  "display-ru": "В право"
                },
                {
                  "id": "ID_1390923199",
                  "text": "Both",
                  "language": "отек педали обеих стоп",
                  "display-ru": "Оба"
                },
                {
                  "id": "ID_1292783417",
                  "text": "Take a picture",
                  "input-type": "camera",
                  "language": "[фотография сделана]",
                  "display-ru": "Сделать фото"
                }
              ],
              "display-ru": "Есть отек лодыжки? *"
            }
          ],
          "display-ru": "Лодыжка"
        }
      ],
      "display-ru": "Общие экзамены"
    },
    {
      "id": "ID_1423763686",
      "text": "Neonate",
      "language": "Новорожденный",
      "options": [
        {
          "id": "ID_1176055195",
          "text": "Depth of jaundice",
          "language": "Глубина желтухи",
          "options": [
            {
              "id": "ID_984596029",
              "text": "Which part of the body has discoloration?",
              "language": "%",
              "options": [
                {
                  "id": "ID_1878207006",
                  "text": "Sclera",
                  "language": "Склера",
                  "display-ru": "Склера"
                },
                {
                  "id": "ID_673596089",
                  "text": "Head and face",
                  "language": "Голова и лицо",
                  "display-ru": "Голова и лицо"
                },
                {
                  "id": "ID_1483120595",
                  "text": "Trunk",
                  "language": "Туловище",
                  "display-ru": "Ствол"
                },
                {
                  "id": "ID_1357325345",
                  "text": "Extremities",
                  "language": "Конечности",
                  "display-ru": "Конечности"
                },
                {
                  "id": "ID_662752254",
                  "text": "Palms/soles",
                  "language": "Ладони / Подошвы",
                  "display-ru": "Ладони / подошвы"
                }
              ],
              "display-ru": "Какая часть тела изменилась в цвете?"
            }
          ],
          "display-ru": "Глубина желтухи"
        },
        {
          "id": "ID_796834273",
          "text": "Features of septicemia",
          "language": "Особенности сепсиса",
          "options": [
            {
              "id": "ID_538568016",
              "text": "What features of septicemia are observed?",
              "language": "%",
              "options": [
                {
                  "id": "ID_981589163",
                  "text": "Body temperature",
                  "language": "Температура тела",
                  "options": [
                    {
                      "id": "ID_1504095021",
                      "text": "Warm to touch",
                      "language": "Теплый на ощупь",
                      "display-ru": "Теплый на ощупь"
                    },
                    {
                      "id": "ID_928871377",
                      "text": "Normal",
                      "language": "Обычный",
                      "display-ru": "Нормальный"
                    },
                    {
                      "id": "ID_683491609",
                      "text": "Cold to touch",
                      "language": "Холодный на ощупь",
                      "display-ru": "Холодно на ощупь"
                    },
                    {
                      "id": "ID_1412148337",
                      "text": "Exact measure",
                      "language": "Точное измерение",
                      "pop up": "Measure body temperature and write",
                      "options": [
                        {
                          "id": "ID_1439600085",
                          "text": "[Enter temperature in Celcius]",
                          "language": "Temperature in celcius",
                          "input-type": "text",
                          "display-ru": "[Введите температуру в градусах Цельсия]"
                        }
                      ],
                      "display-ru": "Точная мера"
                    }
                  ],
                  "display-ru": "Температура тела"
                },
                {
                  "id": "ID_1776833365",
                  "text": "Inability to suck",
                  "language": "Неспособность сосать",
                  "display-ru": "Неспособность сосать"
                },
                {
                  "id": "ID_1517595663",
                  "text": "Convulsions",
                  "language": "Судороги",
                  "display-ru": "Судороги"
                },
                {
                  "id": "ID_732475965",
                  "text": "Stupor/unconsciousness",
                  "language": "Ступор / Потеря сознания",
                  "display-ru": "Ступор / потеря сознания"
                },
                {
                  "id": "ID_265991810",
                  "text": "Big abscess",
                  "language": "Большой абсцесс",
                  "display-ru": "Большой абсцесс"
                },
                {
                  "id": "ID_1796969364",
                  "text": "Umbilical sepsis",
                  "language": "Пупочный сепсис",
                  "display-ru": "Пупочный сепсис"
                },
                {
                  "id": "ID_1979599002",
                  "text": "10 or more small pustules on body",
                  "language": "10 и более мелких пустул на теле",
                  "display-ru": "10 и более мелких пустул на теле"
                }
              ],
              "display-ru": "Какие особенности сепсиса наблюдаются?"
            }
          ],
          "display-ru": "Особенности сепсиса"
        },
        {
          "id": "ID_1781927525",
          "text": "Features of bilirubin encephalopathy/ kernicterus",
          "language": "Особенности билирубиновой энцефалопатии / Ядерной желтухи",
          "options": [
            {
              "id": "ID_635454685",
              "text": "What features of bilirubin encephalopathy/ kernicterus are observed?",
              "language": "%",
              "options": [
                {
                  "id": "ID_107973190",
                  "text": "Convulsions",
                  "language": "Судороги",
                  "display-ru": "Судороги"
                },
                {
                  "id": "ID_673264951",
                  "text": "Drowsiness/lethargy",
                  "language": "Сонливость / вялость",
                  "display-ru": "Сонливость / вялость"
                },
                {
                  "id": "ID_981504418",
                  "text": "Diminished sucking reflex",
                  "language": "снижение сосательного рефлекса",
                  "display-ru": "Снижение сосательного рефлекса"
                },
                {
                  "id": "ID_1502049425",
                  "text": "Irritability",
                  "language": "Раздражительность",
                  "display-ru": "Раздражительность"
                },
                {
                  "id": "ID_817663972",
                  "text": "Hypotonus/rolling back of neck",
                  "language": "Гипотонус / перекатывание шеи назад",
                  "display-ru": "Гипотонус / перекатывание шеи назад"
                },
                {
                  "id": "ID_562057654",
                  "text": "High pitched cry/shrill voice",
                  "language": "Высокий крик / Пронзительный голос",
                  "display-ru": "Высокий крик / пронзительный голос"
                },
                {
                  "id": "ID_1650032538",
                  "text": "Opisthotonus",
                  "language": "Опистотонус",
                  "display-ru": "Опистотонус"
                }
              ],
              "display-ru": "Какие особенности билирубиновой энцефалопатии / ядерной желтухи наблюдаются?"
            }
          ],
          "display-ru": "Особенности билирубиновой энцефалопатии / ядерной желтухи"
        }
      ],
      "display-ru": "Новорожденный"
    },
    {
      "id": "ID_1931809850",
      "text": "Child",
      "language": "Ребенок",
      "options": [
        {
          "id": "ID_1718540559",
          "text": "Balance",
          "language": "Баланс",
          "options": [
            {
              "id": "ID_1247969898",
              "text": "Is there lack of balance in the child?",
              "language": "%",
              "options": [
                {
                  "id": "ID_1707970729",
                  "text": "Yes",
                  "language": "отсутствие баланса",
                  "display-ru": "да"
                },
                {
                  "id": "ID_144857971",
                  "text": "No",
                  "language": "Нормальный",
                  "display-ru": "Нет"
                }
              ],
              "display-ru": "Есть ли у ребенка неуравновешенность?"
            }
          ],
          "display-ru": "Баланс"
        },
        {
          "id": "ID_286510688",
          "text": "Variation in muscle tone",
          "language": "Изменение мышечного тонуса",
          "options": [
            {
              "id": "ID_234394400",
              "text": "Is there variation in muscle tone?",
              "language": "%",
              "options": [
                {
                  "id": "ID_525104026",
                  "text": "Stiff",
                  "language": "Повышен",
                  "display-ru": "Жесткий"
                },
                {
                  "id": "ID_142506314",
                  "text": "Floppy",
                  "language": "снижен",
                  "display-ru": "снижен"
                }
              ],
              "display-ru": "Есть ли изменения в мышечном тонусе?"
            }
          ],
          "display-ru": "Изменение мышечного тонуса"
        },
        {
          "id": "ID_1308521670",
          "text": "Movements",
          "language": "Движения",
          "options": [
            {
              "id": "ID_1441626410",
              "text": "Do you observe any following issues in the movements of the child?",
              "language": "%",
              "options": [
                {
                  "id": "ID_819488510",
                  "text": "Sluggish/slow",
                  "language": "Вялый / медленный",
                  "display-ru": "Вялый / медленный"
                },
                {
                  "id": "ID_1579255504",
                  "text": "Uncoordinated",
                  "language": "Несогласованный",
                  "display-ru": "Несогласованный"
                },
                {
                  "id": "ID_246042625",
                  "text": "Paralysis",
                  "language": "Паралич",
                  "display-ru": "Паралич"
                },
                {
                  "id": "ID_252163228",
                  "text": "Normal",
                  "language": "Обычный",
                  "display-ru": "Обычный"
                }
              ],
              "display-ru": "Наблюдаете ли вы следующие проблемы в движениях ребенка?"
            }
          ],
          "display-ru": "Движения"
        },
        {
          "id": "ID_182902502",
          "text": "Delayed developmental mile stones",
          "language": "Существенные задержки в развитии",
          "options": [
            {
              "id": "ID_629471760",
              "text": "Delayed developmental mile stones",
              "language": "%",
              "options": [
                {
                  "id": "ID_659949700",
                  "text": "Motor",
                  "language": "Двигательные нарушения (ограничения)",
                  "display-ru": "Двигательные нарушения (ограничения)",
                  "options": [
                    {
                      "id": "",
                      "text": "upper & lower limbs",
                      "language": "верхних и нижних конечнностей",
                      "display-ru": "верхних и нижних конечнностей"
                    },
                    {
                      "id": "",
                      "text": "upper limbs",
                      "language": "верхних конечностей",
                      "display-ru": "верхних конечностей"
                    },
                    {
                      "id": "",
                      "text": "lower limbs",
                      "language": "нижних конечностей",
                      "display-ru": "нижних конечностей"
                    },
                    {
                      "id": "",
                      "text": "left & right limbs",
                      "language": "левых и правых конечностей",
                      "display-ru": "левых и правых конечностей"
                    },
                    {
                      "id": "",
                      "text": "not confirmed movements(Dyskinetic CP)",
                      "language": "Не согласованные движения",
                      "display-ru": "Не согласованные движения"
                    }
                  ]
                },
                {
                  "id": "ID_255226407",
                  "text": "Intellectual",
                  "language": "Умственные",
                  "display-ru": "Интеллектуальный"
                },
                {
                  "id": "ID_1853012453",
                  "text": "Speech",
                  "language": "Речевое развитие",
                  "display-ru": "Речевое развитие"
                },
                {
                  "id": "ID_1878246930",
                  "text": "No issues",
                  "language": "Никаких проблем",
                  "display-ru": "Никаких проблем"
                }
              ],
              "display-ru": "Задержки этапов развития"
            }
          ],
          "display-ru": "Задержки этапов развития"
        },
        {
          "id": "ID_1481159743",
          "text": "Delayed speech development",
          "language": "Задержка речевого развития",
          "options": [
            {
              "id": "ID_848523886",
              "text": "Is there delay in speech development?",
              "language": "%",
              "options": [
                {
                  "id": "ID_606158969",
                  "text": "Delayed",
                  "language": "имеется задержка",
                  "options": [
                    {
                      "id": "ID_498486520",
                      "text": "Describe",
                      "input-type": "text",
                      "language": "%",
                      "display-ru": "Опишите"
                    }
                  ],
                  "display-ru": "имеется задержка"
                },
                {
                  "id": "ID_573663214",
                  "text": "Not delayed",
                  "language": "Задержка отсутствует",
                  "display-ru": "Задержка отсутствует"
                }
              ],
              "display-ru": "Есть задержка речевого развития?"
            }
          ],
          "display-ru": "Задержка речевого развития"
        },
        {
          "id": "ID_1618432724",
          "text": "Difficulties in learning",
          "language": "Трудности в обучении",
          "options": [
            {
              "id": "ID_810161885",
              "text": "Difficulties in learning?",
              "language": "%",
              "options": [
                {
                  "id": "ID_453165869",
                  "text": "Found",
                  "language": "найден(-но)",
                  "options": [
                    {
                      "id": "ID_1946554751",
                      "text": "Describe",
                      "input-type": "text",
                      "language": "%",
                      "display-ru": "Опишите"
                    }
                  ],
                  "display-ru": "да"
                },
                {
                  "id": "ID_121988458",
                  "text": "Not found",
                  "language": "не найден",
                  "display-ru": "не найден"
                }
              ],
              "display-ru": "Трудности в обучении?"
            }
          ],
          "display-ru": "Трудности в обучении"
        },
        {
          "id": "ID_46568590",
          "text": "Difficulty in vision",
          "language": "Сложность в особых чувствах",
          "options": [
            {
              "id": "ID_256338256",
              "text": "Difficulty in vision?",
              "language": "%",
              "options": [
                {
                  "id": "ID_1905520461",
                  "text": "Yes",
                  "language": "найден(-но)",
                  "options": [
                    {
                      "id": "ID_1772208440",
                      "text": "Describe",
                      "input-type": "text",
                      "language": "%",
                      "display-ru": "Опишите"
                    }
                  ],
                  "display-ru": "найден(-но)"
                },
                {
                  "id": "ID_1543635846",
                  "text": "No",
                  "language": "не найден",
                  "display-ru": "Нет"
                }
              ],
              "display-ru": "Нарушение зрения?"
            }
          ],
          "display-ru": "Нарушение зрения"
        },
        {
          "id": "ID_983677564",
          "text": "Difficulty in Hearing",
          "language": "Нарушение слуха",
          "options": [
            {
              "id": "ID_421849387",
              "text": "Difficulty in Hearing?",
              "language": "%",
              "options": [
                {
                  "id": "ID_530900452",
                  "text": "Yes",
                  "language": "найден(-но)",
                  "options": [
                    {
                      "id": "ID_416529955",
                      "text": "Describe",
                      "input-type": "text",
                      "language": "%",
                      "display-ru": "Опишите"
                    }
                  ],
                  "display-ru": "да"
                },
                {
                  "id": "ID_958011456",
                  "text": "No",
                  "language": "не найден",
                  "display-ru": "Нет"
                }
              ],
              "display-ru": "Нарушение слуха?"
            }
          ],
          "display-ru": "Нарушение слуха"
        },
        {
          "id": "ID_1525336665",
          "text": "Loss of Sense of Touch",
          "language": "Потеря осязания",
          "options": [
            {
              "id": "ID_987946047",
              "text": "Loss of Sense of Touch?",
              "language": "%",
              "options": [
                {
                  "id": "ID_198738772",
                  "text": "Yes",
                  "language": "найден(-но)",
                  "options": [
                    {
                      "id": "ID_29275226",
                      "text": "Describe",
                      "input-type": "text",
                      "language": "%",
                      "display-ru": "Опишите"
                    }
                  ],
                  "display-ru": "да"
                },
                {
                  "id": "ID_1631002545",
                  "text": "No",
                  "language": "не найден",
                  "display-ru": "Нет"
                }
              ],
              "display-ru": "Потеря осязания?"
            }
          ],
          "display-ru": "Потеря осязания"
        }
      ],
      "display-ru": "Ребенок"
    }
  ],
  "display-ru": "Mедицинское обследование"
}