{
  "id": "ID_980365881",
  "text": "Neonatal jaundice",
  "language": "Желтуха новорожденных",
  "perform-physical-exam": "Neonate:Depth of jaundice;Neonate:Features of septicemia;Neonate:Features of bilirubin encephalopathy/ kernicterus;",
  "options": [
    {
      "id": "ID_889410458",
      "text": "Age (in hours) at appearance of jaundice",
      "display": "How many hours after birth was jaundice observed?",
      "language": "Через сколько часов после рождения наблюдалась желтуха?",
      "options": [
        {
          "id": "ID_1861729989",
          "text": "< 12 hours",
          "language": "<12 часов",
          "display-ru": "<12 часов"
        },
        {
          "id": "ID_467875629",
          "text": "12-36 hours",
          "language": "12-36 часов",
          "display-ru": "12-36 часов"
        },
        {
          "id": "ID_108091384",
          "text": "> 36 hours",
          "language": "> 36 часов",
          "display-ru": ">36 часов"
        }
      ],
      "display-ru": "Через сколько часов после рождения наблюдалась желтуха?"
    },
    {
      "id": "ID_28988720",
      "text": "Discoloration",
      "language": "Обесцвечивание",
      "display": "Do you observe discolouration in the following body parts?",
      "options": [
        {
          "id": "ID_1679583339",
          "text": "Sclera",
          "language": "Склеры",
          "display-ru": "Склеры"
        },
        {
          "id": "ID_279323819",
          "text": "Head and face",
          "language": "Голова и лицо",
          "display-ru": "Голова и лицо"
        },
        {
          "id": "ID_1942092001",
          "text": "Trunk",
          "language": "Туловище",
          "display-ru": "Туловище"
        },
        {
          "id": "ID_1152547537",
          "text": "Extremities",
          "language": "Конечности",
          "display-ru": "Конечности"
        },
        {
          "id": "ID_1084856307",
          "text": "Palms/soles",
          "language": "Ладони / Подошвы",
          "display-ru": "Ладони / Подошвы"
        }
      ],
      "display-ru": "Вы заметили обесцвечивание в следующих частях тела?"
    },
    {
      "id": "",
      "text": "What is the color of feces?",
      "language": "Цвет кала",
      "display": "What is the color of feces?",
      "options": [
        {
          "id": "",
          "text": "Yellow",
          "language": "Желтый",
          "display-ru": "Желтыйл"
        },
        {
          "id": "",
          "text": "Discolored",
          "language": "Обесцвеченный",
          "display-ru": "Обесцвеченный"
        }
      ],
      "display-ru": "Какого цвета кал?"
    },
    {
      "id": "ID_469301092",
      "text": "Birth asphyxia",
      "language": "%",
      "display": "Did birth asphyxia occur?",
      "options": [
        {
          "id": "ID_109412692",
          "text": "No asphyxia",
          "language": "Нет асфиксии",
          "display-ru": "Нет асфиксии"
        },
        {
          "id": "ID_111001705",
          "text": "Birth asphyxia occurred",
          "language": "Да",
          "options": [
            {
              "id": "ID_552881374",
              "text": "Apgar score",
              "input-type": "number",
              "language": "Оценка по шкале Апгара",
              "display-ru": "Оценка по шкале Апгара"
            },
            {
              "id": "ID_253388889",
              "text": "Describe interventions to resuscitate",
              "language": "Вмешательства",
              "options": [
                {
                  "id": "ID_106404256",
                  "text": "[Describe]",
                  "language": "%",
                  "input-type": "text",
                  "display-ru": "Опишите"
                }
              ],
              "display-ru": "Опишите вмешательства при реанимаровании"
            }
          ],
          "display-ru": "Да"
        }
      ],
      "display-ru": "Была ли асфиксия при рождении?"
    },
    {
      "id": "ID_1308692529",
      "text": "Diabetes in mother",
      "language": "%",
      "display": "Does the mother have diabetes?",
      "options": [
        {
          "id": "ID_1560305705",
          "text": "Mother has diabetes",
          "language": "У матери диабет",
          "display-ru": "У матери диабет"
        },
        {
          "id": "ID_1397188539",
          "text": "Mother does not have diabetes",
          "language": "Мама не болеет диабетом",
          "display-ru": "Мама не болеет диабетом"
        },
        {
          "id": "ID_1980756181",
          "text": "Not known if Mother has diabetes",
          "language": "Неизвестно, есть ли у матери диабет",
          "display-ru": "Неизвестно, есть ли у матери диабет"
        }
      ],
      "display-ru": "Имеется ли диабет у матери?"
    },
    {
      "id": "ID_144339117",
      "text": "Lactation issues if any",
      "language": "%",
      "display": "Does the mother have any lactation issue?",
      "options": [
        {
          "id": "ID_1334859470",
          "text": "Mother has lactation issues [Describe]",
          "input-type": "text",
          "language": "У мамы проблемы с лактацией",
          "display-ru": "У мамы проблемы с лактацией [Опишите]"
        },
        {
          "id": "ID_213001656",
          "text": "Mother does not have lactation issues",
          "language": "У мамы нет проблем с лактацией",
          "display-ru": "У мамы нет проблем с лактацией"
        },
        {
          "id": "",
          "text": "Unknown",
          "language": "Неизвестно",
          "display-ru": "Неизвестно"
        }
      ],
      "display-ru": "Есть ли у матери проблемы с лактацией?"
    },
    {
      "id": "ID_1051813556",
      "text": "Gestational age at birth",
      "language": "Гестационный возраст при рождении",
      "display": "What is the gestational age at birth?",
      "options": [
        {
          "id": "ID_748398617",
          "text": "Full term",
          "language": "Полный срок",
          "display-ru": "Полный срок"
        },
        {
          "id": "ID_1055775525",
          "text": "Pre term",
          "language": "Досрочный срок",
          "options": [
            {
              "id": "ID_1833503016",
              "text": "[Enter gestational age in months]",
              "input-type": "duration",
              "language": "%",
              "display-ru": "[Введите срок беременности в месяцах]"
            }
          ],
          "display-ru": "Досрочный срок"
        }
      ],
      "display-ru": "Какой срок беременности при рождении?"
    },
    {
      "id": "ID_762179579",
      "text": "Blood group and Rh type",
      "language": "Группа крови и резус-фактор",
      "display": "Enter the blood group and Rh type for each of the following",
      "options": [
        {
          "id": "ID_274402187",
          "text": "Neonate",
          "language": "Новорожденный",
          "options": [
            {
              "id": "",
              "text": "A+ve",
              "language": "A+",
              "display-ru": "A+"
            },
            {
              "id": "",
              "text": "A-ve",
              "language": "A-",
              "display-ru": "A-"
            },
            {
              "id": "",
              "text": "B+ve",
              "language": "B+",
              "display-ru": "B+"
            },
            {
              "id": "",
              "text": "B-ve",
              "language": "B-",
              "display-ru": "B-"
            },
            {
              "id": "",
              "text": "AB+ve",
              "language": "AB+",
              "display-ru": "AB+"
            },
            {
              "id": "",
              "text": "AB-ve",
              "language": "AB-",
              "display-ru": "AB-"
            },
            {
              "id": "",
              "text": "O+ve",
              "language": "O+",
              "display-ru": "O+"
            },
            {
              "id": "",
              "text": "O-ve",
              "language": "O-",
              "display-ru": "O-"
            }
          ],
          "display-ru": "Новорожденный"
        },
        {
          "id": "ID_1162040114",
          "text": "Mother",
          "language": "Мама",
          "options": [
            {
              "id": "ID_1651139302",
              "text": "[Enter blood group and Rh type]",
              "input-type": "text",
              "language": "%",
              "display-ru": "[Введите группу крови и резус-тип]"
            }
          ],
          "display-ru": "Мама"
        },
        {
          "id": "ID_1551591311",
          "text": "Father",
          "language": "Отец",
          "options": [
            {
              "id": "ID_626302338",
              "text": "[Enter blood group and Rh type]",
              "input-type": "text",
              "language": "%",
              "display-ru": "[Введите группу крови и резус-тип]"
            }
          ],
          "display-ru": "Отец"
        }
      ],
      "display-ru": "Введите группу крови и тип резус-фактора для каждого из следующих"
    },
    {
      "id": "ID_651787266",
      "text": "Serum bilirubin/TKB",
      "language": "Билирубин сыворотки / ТКБ",
      "display": "What is the serum bilirubin/TKB of the child?",
      "options": [
        {
          "id": "",
          "text": "Direct Bilirubin",
          "language": "Прямой билирубин",
          "display-ru": "Прямой билирубин"
        },
        {
          "id": "",
          "text": "Indirect Blirubin",
          "language": "Непрямой билирубин",
          "display-ru": "Непрямой билирубин"
        },
        {
          "id": "",
          "text": "General Bilirubin",
          "language": "Общий билирубин",
          "display-ru": "Общий билирубин"
        },
        {
          "id": "ID_1859871760",
          "text": "[Enter level]",
          "language": "%",
          "input-type": "text",
          "display-ru": "[Введите уровень]"
        },
        {
          "id": "ID_959931932",
          "text": "Don't know",
          "language": "Неизвестно",
          "display-ru": "Не знаю"
        }
      ],
      "display-ru": "Какой у ребенка билирубин / ТКБ в сыворотке крови?"
    },
    {
      "id": "",
      "text": "What is the degree of jaudice according to kramer scale?",
      "language": "Степень желтухи по шкале Крамера",
      "display": "What is the degree of jaudice according to kramer scale?",
      "options": [
        {
          "id": "",
          "text": "Zone 1  (Head and Face)- 100 mmol/l",
          "language": "1 зона (Голова и лицо) - 100 мкмоль/л",
          "display-ru": "1 зона (Голова и лицо) - 100 мкмоль/л"
        },
        {
          "id": "",
          "text": "Zone 2 (Chest and Upper abdomen) 150 mmol/l",
          "language": "2 зона (Грудь и верхняя часть живота)  - 150 мкмоль/л",
          "display-ru": "2 зона (Грудь и верхняя часть живота)  - 150 мкмоль/л"
        },
        {
          "id": "",
          "text": "Zone 3 (Lower abdomen and Thighs) 200 mmol/l",
          "language": "3 зона (Нижняя часть живота и бедра) - 200 мкмоль/л",
          "display-ru": "3 зона (Нижняя часть живота и бедра) - 200 мкмоль/л"
        },
        {
          "id": "",
          "text": "Zone 4 (Extremities) 250 mmol/l",
          "language": "4 зона (Конечности)  - 250 мкмоль/л",
          "display-ru": "4 зона (Конечности)  - 250 мкмоль/л"
        },
        {
          "id": "",
          "text": "Zone 5 (Palms/Soles) > 250 mmol/l",
          "language": "5 зона (Ладони/Ступни) - > 250 мкмоль/л",
          "display-ru": "5 зона (Ладони/Ступни) - > 250 мкмоль/л"
        }
      ],
      "display-ru": "Какова степень желтухи по шкале Крамера?"
    }
  ],
  "display-ru": "Желтуха новорожденных"
}