{
  "id": "ID_412303984",
  "text": "Screening Pediatric HIV",
  "perform-physical-exam": "General exams;Eyes: Jaundice;",
  "options": [
    {
      "id": "ID_317909952",
      "text": "Maternal HIV status ",
      "display": "What is the HIV status of the mother?",
      "options": [
        {
          "id": "ID_1829154587",
          "text": "HIV +ve",
          "options": [
            {
              "id": "ID_1068907320",
              "text": "Time of test",
              "display": "When was the test conducted?",
              "options": [
                {
                  "id": "",
                  "text": "Before pregnancy (Known case of HIV)",
                  "display-ru": "До беременности (известный случай ВИЧ)"
                },
                {
                  "id": "",
                  "text": "During Pregnancy",
                  "display-ru": "Во время беременности"
                },
                {
                  "id": "",
                  "text": "After pregnancy",
                  "display-ru": "После беременности"
                }
              ],
              "display-ru": " Время тестирования"
            },
            {
              "id": "ID_1484474890",
              "text": "Whether Antenatal ART given",
              "display": "Was antenatal ART given?",
              "language": "%",
              "options": [
                {
                  "id": "ID_66480094",
                  "text": "Yes",
                  "language": "Проведено дородовое АРТ",
                  "display-ru": "да"
                },
                {
                  "id": "ID_857843861",
                  "text": "No",
                  "language": "Дородовое АРТ не назначается",
                  "display-ru": "Нет"
                }
              ],
              "display-ru": "Проводилась ли дородовая антиретровирусная терапия?"
            },
            {
              "id": "ID_283792236",
              "text": "Has mother breastfed the baby?",
              "language": "%",
              "options": [
                {
                  "id": "ID_1849478322",
                  "text": "Yes",
                  "language": "Мать кормила ребенка грудью",
                  "display-ru": "да"
                },
                {
                  "id": "ID_1875787040",
                  "text": "No",
                  "language": "Мать не кормила ребенка грудью",
                  "display-ru": "Нет"
                }
              ],
              "display-ru": "Кормила ли мать ребенка грудью?"
            }
          ],
          "display-ru": "ВИЧ + (положительный)"
        },
        {
          "id": "ID_909617943",
          "text": "HIV -Ve",
          "display-ru": "ВИЧ- (отрицательный)"
        },
        {
          "id": "ID_86973426",
          "text": "Not known",
          "display-ru": "Не известно"
        }
      ],
      "display-ru": "Какой у матери ВИЧ-статус?"
    },
    {
      "id": "ID_1774587461",
      "text": "HIV status of baby",
      "display": "What is the HIV status of the baby?",
      "options": [
        {
          "id": "ID_579331545",
          "language": "%",
          "text": "What is the HIV status of today  (if <18 months of age) using PCR-DNA test?",
          "display": "Каков ВИЧ-статус на сегодняшний день (если возраст <18 месяцев) с использованием ПЦР-ДНК-теста?",
          "options": [
            {
              "id": "",
              "text": "positive, received prophylactic Nevirepine",
              "language": "Положительный результат, получил профилактический Невирапин",
              "display-ru": "Положительный результат, получил профилактический Невирапин"
            },
            {
              "id": "",
              "text": "Positive, have not received prophylactic Nevirepine",
              "language": "Положительный результат, не получали профилактический Невирапин",
              "display-ru": "Положительный результат, не получали профилактический Невирапин"
            },
            {
              "id": "",
              "text": "Negative",
              "language": "Отрицательный",
              "display-ru": "Отрицательный"
            },
            {
              "id": "",
              "text": "Not known",
              "language": "Не известно",
              "display-ru": "Не известно"
            }
          ],
          "display-ru": "Каков ВИЧ-статус на сегодняшний день (если возраст <18 месяцев) с использованием ПЦР-ДНК-теста?"
        },
        {
          "id": "ID_1308438514",
          "text": "Prophylaxis status",
          "language": "%",
          "display": "Has the baby received prophylactic Nevirepine as per guidelines?",
          "options": [
            {
              "id": "ID_1245476156",
              "text": "Yes",
              "language": "Профилактический прием Нивирепина",
              "display-ru": "да"
            },
            {
              "id": "ID_1115124061",
              "text": "No",
              "language": "Профилактический препарат Нивирепин не получал.",
              "display-ru": "Нет"
            },
            {
              "id": "ID_1629327160",
              "text": "Not known",
              "language": "Статус профилактики неизвестен",
              "display-ru": "Не известно"
            }
          ],
          "display-ru": "Получал ли ребенок Невирепин с профилактической целью в соответствии с рекомендациями?"
        },
        {
          "id": "",
          "language": "%",
          "text": "What is the HIV status of today  (if >18 months of age)?",
          "display": "Каков ВИЧ-статус на сегодняшний день (если пациенту больше 18 месяцев)?",
          "options": [
            {
              "id": "",
              "text": "Positive",
              "display-ru": "Положительный"
            },
            {
              "id": "",
              "text": "Negative",
              "display-ru": "Отрицательный"
            },
            {
              "id": "",
              "text": "Awaiting test",
              "display-ru": "Неокончательный"
            }
          ],
          "display-ru": "Каков ВИЧ-статус на сегодняшний день (если пациенту больше 18 месяцев)?"
        }
      ],
      "display-ru": "Какой у ребенка ВИЧ-статус?"
    },
    {
      "id": "ID_1286781563",
      "text": "Does the baby have any of the following?",
      "language": "Ребенок претерпел",
      "options": [
        {
          "id": "ID_124730350",
          "text": "Tattoos",
          "display-ru": "Татуировки"
        },
        {
          "id": "",
          "text": "Piercing",
          "display-ru": "Пирсинг"
        },
        {
          "id": "ID_1523395783",
          "text": "cosmetology procedures (manicure, pedicure, tattooing)",
          "display-ru": "косметологические процедуры (маникюр, педикюр, татуаж)"
        },
        {
          "id": "ID_491004922",
          "text": "None",
          "display-ru": "Ничего не проведено"
        }
      ],
      "display-ru": "Есть ли у ребенка что-либо из следующего?"
    },
    {
      "id": "ID_1887946753",
      "text": "High risk sexual activities in older children",
      "display": "Has the child been exposed to any of the following sexual activities?",
      "options": [
        {
          "id": "ID_617149909",
          "text": "Unprotected vaginal contacts",
          "display-ru": "Незащищенные вагинальные контакты"
        },
        {
          "id": "ID_1171022462",
          "text": "Unprotected oral contact",
          "display-ru": "Незащищенный оральный контакт"
        },
        {
          "id": "ID_701611236",
          "text": "Unprotected anal contacts",
          "display-ru": "Незащищенные анальные контакты"
        },
        {
          "id": "ID_44391793",
          "text": "Accidental unprotected contacts",
          "display-ru": "Случайные незащищенные контакты"
        },
        {
          "id": "ID_479008917",
          "text": "Unprotected sexual contacts with the use of violence",
          "display-ru": "Незащищенные половые контакты с применением насилия"
        },
        {
          "id": "ID_987855723",
          "text": "None",
          "display-ru": "Сексуальных контактов не было"
        }
      ],
      "display-ru": "Был ли ребенок подвергнут какому-либо из следующих сексуальных действий?"
    },
    {
      "id": "ID_1196698080",
      "text": "IVD use",
      "display": "Has the child indulged into intravenous drug use?",
      "language": "%",
      "options": [
        {
          "id": "ID_1941561945",
          "text": "Yes",
          "language": "Увлекается использованием IVD (прибор для диагностики in vitro)",
          "display-ru": "да"
        },
        {
          "id": "ID_613993356",
          "text": "No",
          "language": "Не баловался использованием IVD (прибор для диагностики in vitro)",
          "display-ru": "Нет"
        }
      ],
      "display-ru": "Употреблял ли ребенок наркотики внутривенно?"
    },
    {
      "id": "ID_1280116008",
      "text": "Blood transfusion",
      "display": "Has the child recieved blood transfusion",
      "options": [
        {
          "id": "ID_1196707227",
          "text": "Yes",
          "language": "полученный",
          "display-ru": "да"
        },
        {
          "id": "ID_616533403",
          "text": "No",
          "language": "не получен(-о)",
          "display-ru": "Нет"
        }
      ],
      "display-ru": "Было ли проведено переливание крови ребенку"
    },
    {
      "id": "ID_1783795401",
      "text": "Associated symptoms",
      "options": [
        {
          "id": "",
          "text": "Weight loss",
          "display-ru": "Потеря веса"
        },
        {
          "id": "",
          "text": "No or less weight gain",
          "display-ru": "Отсутствие или меньшая прибавка в весе"
        },
        {
          "id": "",
          "text": "Failure to thrive",
          "display-ru": "Неспособность набирать вес"
        },
        {
          "id": "",
          "text": "Prolonged cough",
          "display-ru": "Продолжительный кашель"
        },
        {
          "id": "",
          "text": "Persistent diarrhoea",
          "display-ru": "Стойкая диарея"
        },
        {
          "id": "",
          "text": "Persistant fever",
          "display-ru": "Стойкая лихорадка"
        },
        {
          "id": "",
          "text": "Repeated common infection",
          "display-ru": "Повторная распространенная инфекция"
        },
        {
          "id": "",
          "text": "Oropharyngeal thrush",
          "display-ru": "Молочница ротоглотки"
        },
        {
          "id": "ID_464607044",
          "text": "Persistant generalised lymphadenopathy",
          "display-ru": "Стойкая генерализованная лимфаденопатия"
        },
        {
          "id": "ID_611519714",
          "text": "Others [Describe]",
          "options": [
            {
              "id": "ID_278119249",
              "text": "[Describe]",
              "input-type": "text",
              "display-ru": "[Описывать]"
            }
          ],
          "display-ru": "Другое [Опишите]"
        }
      ],
      "display-ru": "Сопутствующие симптомы"
    },
    {
      "id": "ID_590981074",
      "text": "Associated illness (if known)",
      "display": "Does the child have any of the marker diseases of HIV? (Select condition and describe)",
      "options": [
        {
          "id": "ID_1502990883",
          "text": "Dermatological conditions",
          "options": [
            {
              "id": "ID_1234578987",
              "text": "Human papilloma virus infection (multiple warts)",
              "display-ru": "Инфекция, вызванная вирусом папилломы человека (множественные бородавки)"
            },
            {
              "id": "ID_1078517548",
              "text": "Common shellfish",
              "display-ru": "Моллюски обыкновенные (ракообразные)"
            },
            {
              "id": "ID_1634207529",
              "text": "Shingles, multidermatomal",
              "display-ru": "Опоясывающий лишай, многодерматомный"
            },
            {
              "id": "ID_1956843081",
              "text": "Chronic HSV infection ",
              "display-ru": "Хроническая инфекция ВПГ"
            },
            {
              "id": "ID_1598649282",
              "text": "Onychomycosis",
              "display-ru": "Онихомикоз"
            },
            {
              "id": "ID_1934643772",
              "text": "Kaposi's sarcoma",
              "display-ru": "Саркома Капоши"
            }
          ],
          "display-ru": "Кожные проявления"
        },
        {
          "id": "ID_567203976",
          "text": "Oral conditions",
          "options": [
            {
              "id": "ID_249958834",
              "text": "Recurrent oral ulcers",
              "display-ru": "Рецидивирующие язвы в полости рта"
            },
            {
              "id": "ID_335166829",
              "text": "Unexplained enlargement of the parotid glands",
              "display-ru": "Необъяснимое увеличение околоушных желез"
            },
            {
              "id": "ID_598031663",
              "text": "Oral candidiasis (in children over 2 months old)",
              "display-ru": "Кандидоз полости рта (у детей старше 2 месяцев)"
            },
            {
              "id": "ID_1421622202",
              "text": "Hairy leukoplakia of the oral cavity",
              "display-ru": "Волосатая лейкоплакия полости рта"
            },
            {
              "id": "ID_281732027",
              "text": "Acute ulcerative necrotizing gingivitis or periodontitis",
              "display-ru": "Острый язвенно-некротический гингивит или пародонтит"
            }
          ],
          "display-ru": "Ротовая полость"
        },
        {
          "id": "ID_1671667502",
          "text": "Respiratory conditions",
          "options": [
            {
              "id": "ID_49938654",
              "text": "Recurrent or chronic upper respiratory tract infections",
              "display-ru": "Рецидивирующие или хронические инфекции верхних дыхательных путей"
            },
            {
              "id": "ID_1706329910",
              "text": "Pulmonary tuberculosis",
              "display-ru": "Туберкулез легких"
            },
            {
              "id": "ID_1147070619",
              "text": "Severe recurrent bacterial pneumonia",
              "display-ru": "Тяжелая рецидивирующая бактериальная пневмония"
            },
            {
              "id": "ID_1497694550",
              "text": "Chronic lung damage due to HIV infection, including bronchiectasis",
              "display-ru": "Хроническое поражение легких из-за ВИЧ-инфекции, включая бронхоэктазы."
            },
            {
              "id": "ID_39675694",
              "text": "Aymptomatic/Clinical lymphoid interstitial pneumonia",
              "display-ru": "Бессимптомная / клиническая лимфоидная интерстициальная пневмония"
            },
            {
              "id": "ID_1251714972",
              "text": "Pneumocystis pneumonia",
              "display-ru": "Пневмоцистная пневмония"
            }
          ],
          "display-ru": "Респираторные заболевания"
        },
        {
          "id": "ID_161422795",
          "text": "Hematology conditions",
          "options": [
            {
              "id": "ID_652624926",
              "text": "Unexplained anemia",
              "display-ru": "Необъяснимая анемия"
            },
            {
              "id": "ID_1265407078",
              "text": "Brain lymphoma or B-cell non-Hodgkin's lymphoma",
              "display-ru": "Лимфома головного мозга или В-клеточная неходжкинская лимфома"
            },
            {
              "id": "ID_1788793570",
              "text": "Burkitt Lymphoma",
              "display-ru": "Лимфома Беркитта"
            },
            {
              "id": "",
              "text": "Thombocytopenia",
              "display-ru": "Тромбоцитопения"
            },
            {
              "id": "",
              "text": "ESR",
              "display-ru": "СОЭ"
            }
          ],
          "display-ru": "Гематологические изменения"
        },
        {
          "id": "ID_326539673",
          "text": "CNS conditions",
          "options": [
            {
              "id": "ID_20362739",
              "text": "Toxoplasma encephalitis (except for newborns)",
              "display-ru": "Токсоплазменный энцефалит (кроме новорожденных)"
            },
            {
              "id": "ID_1962333975",
              "text": "HIV encephalopathy",
              "display-ru": "ВИЧ-энцефалопатия"
            },
            {
              "id": "ID_1251410623",
              "text": "Progressive multifocal leukoencephalopathy",
              "display-ru": "Прогрессирующая мультифокальная лейкоэнцефалопатия"
            },
            {
              "id": "ID_751022870",
              "text": "CMV infection that develops in a child older than 1 month",
              "display-ru": "ЦМВ-инфекция, развивающаяся у ребенка старше 1 месяца"
            }
          ],
          "display-ru": "Проявление со стороны  ЦНС"
        },
        {
          "id": "ID_1405452888",
          "text": "GIT infections",
          "options": [
            {
              "id": "ID_687459778",
              "text": "Candidal esophagitis (or candidiasis of internal organs)",
              "display-ru": "Кандидозный эзофагит (или кандидоз внутренних органов)"
            },
            {
              "id": "",
              "text": "Diarrhea > 14 days",
              "display-ru": "Диарея > 14 дней"
            },
            {
              "id": "ID_180308920",
              "text": "Chronic neosporosis",
              "display-ru": "Хронический неоспороз"
            }
          ],
          "display-ru": "Инфекции ЖКТ"
        },
        {
          "id": "ID_1376426543",
          "text": "Unexplained severe wasting, stunted growth, or severe eating disorders",
          "display-ru": "Необъяснимое сильное истощение, задержка роста или тяжелые расстройства питания"
        },
        {
          "id": "ID_678614915",
          "text": "Other infections",
          "options": [
            {
              "id": "ID_744155259",
              "text": "Recurrent severe bacterial infections other than pneumonia",
              "display-ru": "Рецидивирующие тяжелые бактериальные инфекции, кроме пневмонии"
            },
            {
              "id": "ID_1381992993",
              "text": "Extrapulmonary cryptococcosis, including cryptococcal meningitis",
              "display-ru": "Внелегочный криптококкоз, включая криптококковый менингит"
            },
            {
              "id": "ID_1304962610",
              "text": "Disseminated deep mycosis",
              "display-ru": "Диссеминированный глубокий микоз"
            },
            {
              "id": "ID_333810769",
              "text": "Extrapulmonary tuberculosis",
              "display-ru": "Внелегочный туберкулез"
            },
            {
              "id": "ID_251366935",
              "text": "Disseminated infection caused by atypical mycobacteria",
              "display-ru": "Распространенная инфекция, вызванная атипичными микобактериями."
            },
            {
              "id": "ID_1331562513",
              "text": "HIV cardiomyopathy or HIV nephropathy",
              "display-ru": "ВИЧ-кардиомиопатия или ВИЧ-нефропатия"
            }
          ],
          "display-ru": "Другие инфекции"
        },
        {
          "id": "ID_184828778",
          "text": "Others [Describe]",
          "input-type": "text",
          "display-ru": "Другое [Опишите]"
        }
      ],
      "display-ru": "Есть ли у ребенка какие-либо маркерные заболевания ВИЧ? (Выберите условие и опишите)"
    },
    {
      "id": "ID_1330543344",
      "text": "Investigations done",
      "display": "Which of the following investigations have been performed?",
      "options": [
        {
          "id": "ID_245786373",
          "text": "Hb% [Enter value]",
          "input-type": "text",
          "display-ru": "высокий уровень гемоглобина % [Введите значение]"
        },
        {
          "id": "ID_1698515219",
          "text": "CBC [Enter value]",
          "input-type": "text",
          "display-ru": "Полный анализ крови [Введите значение]"
        },
        {
          "id": "",
          "text": "АЛТ/АСТ [Enter value]",
          "input-type": "text",
          "display-ru": "АЛТ/АСТ [введите значение]"
        },
        {
          "id": "",
          "text": "Creatinin",
          "input-type": "text",
          "display-ru": "Креатинин, Мочевина [Введите значение]"
        },
        {
          "id": "",
          "text": "Hepatitis [Select Type]",
          "input-type": "text",
          "display-ru": "Маркеры вирусных гепатитов",
          "options": [
            {
              "id": "",
              "text": "A",
              "display-ru": "A"
            },
            {
              "id": "",
              "text": "B",
              "display-ru": "B"
            },
            {
              "id": "",
              "text": "C",
              "display-ru": "C"
            },
            {
              "id": "",
              "text": "D",
              "display-ru": "D"
            }
          ]
        },
        {
          "id": "ID_1538190957",
          "text": "ESR [Enter value]",
          "input-type": "text",
          "display-ru": "СОЭ [введите значение]"
        },
        {
          "id": "ID_1162239993",
          "text": "X ray chest [Describe]",
          "input-type": "text",
          "display-ru": "Рентген грудной клетки [Описать]"
        },
        {
          "id": "ID_537052",
          "text": "Others [Describe]",
          "input-type": "text",
          "display-ru": "Другое [Опишите]"
        }
      ],
      "display-ru": "Какие из следующих исследований были выполнены?"
    },
    {
      "id": "ID_1155546331",
      "text": "Current Medications",
      "display": "Is the chils taking any medicines",
      "options": [
        {
          "id": "ID_716993453",
          "text": "[Describe medication]",
          "input-type": "text",
          "language": "%",
          "display-ru": "[Опишите лекарство]"
        },
        {
          "id": "ID_1660535374",
          "text": "Improvement observed",
          "display": "Is there improvement in the condition?",
          "language": "%",
          "options": [
            {
              "id": "ID_698198275",
              "text": "Yes",
              "language": "Есть улучшение",
              "display-ru": "да"
            },
            {
              "id": "ID_478227458",
              "text": "No",
              "language": "Улучшений нет",
              "display-ru": "Нет"
            }
          ],
          "display-ru": "Есть ли улучшение состояния?"
        }
      ],
      "display-ru": "Текущие лекарства"
    }
  ],
  "display-ru": "Скрининг на ВИЧ у детей"
}